Nimed;Kasutajanimi;email;password
Caprice Liebermann;CLiebermann;caprice.liebermann@hkhk.edu.ee;nnr23
Winifield Legon;WLegon;winifield.legon@hkhk.edu.ee;ggL34
Josias Fetherby;JFetherby;josias.fetherby@hkhk.edu.ee;ete45
Ronny Gravenell;RGravenell;ronny.gravenell@hkhk.edu.ee;nle92
Kaitlin Clapson;KClapson;kaitlin.clapson@hkhk.edu.ee;oss42
Malachi Pentony;MPentony;malachi.pentony@hkhk.edu.ee;nye64
Pearle Harryman;PHarryman;pearle.harryman@hkhk.edu.ee;ara81
Kyle Marrion;KMarrion;kyle.marrion@hkhk.edu.ee;oMr28
Howey Stiles;HStiles;howey.stiles@hkhk.edu.ee;sit97
Elna Codman;ECodman;elna.codman@hkhk.edu.ee;oma65
Dian Bartoli;DBartoli;dian.bartoli@hkhk.edu.ee;tBo80
Marvin Saladino;MSaladino;marvin.saladino@hkhk.edu.ee;odS63
Garrek Abeau;GAbeau;garrek.abeau@hkhk.edu.ee;buA69
Willetta Walhedd;WWalhedd;willetta.walhedd@hkhk.edu.ee;dae42
Dionysus Dedenham;DDedenham;dionysus.dedenham@hkhk.edu.ee;dnD36
Teodoor Boothby;TBoothby;teodoor.boothby@hkhk.edu.ee;hhB32
Ikey Cuttle;ICuttle;ikey.cuttle@hkhk.edu.ee;tuu59
Jabez Betteridge;JBetteridge;jabez.betteridge@hkhk.edu.ee;eee51
Melesa Peirpoint;MPeirpoint;melesa.peirpoint@hkhk.edu.ee;trP61
Clemmy Ivanchin;CIvanchin;clemmy.ivanchin@hkhk.edu.ee;iIh48
Frasco Reddish;FReddish;frasco.reddish@hkhk.edu.ee;sid68
Alicea Terne;ATerne;alicea.terne@hkhk.edu.ee;eTe93
Kyle Whiteford;KWhiteford;kyle.whiteford@hkhk.edu.ee;rei55
Torrin Ehlerding;TEhlerding;torrin.ehlerding@hkhk.edu.ee;dde27
Penelopa Fidell;PFidell;penelopa.fidell@hkhk.edu.ee;eli65
Alexina Hastilow;AHastilow;alexina.hastilow@hkhk.edu.ee;ott43
Kordula Whyteman;KWhyteman;kordula.whyteman@hkhk.edu.ee;yyy48
Teodora Bendall;TBendall;teodora.bendall@hkhk.edu.ee;lnl84
Nicky Jarrelt;NJarrelt;nicky.jarrelt@hkhk.edu.ee;rrl58
Bucky Newman;BNewman;bucky.newman@hkhk.edu.ee;mna42
Kandace Rance;KRance;kandace.rance@hkhk.edu.ee;Raa13
Gayla Stigell;GStigell;gayla.stigell@hkhk.edu.ee;lee72
Candra Grenshiels;CGrenshiels;candra.grenshiels@hkhk.edu.ee;esh47
Gwenore Chidzoy;GChidzoy;gwenore.chidzoy@hkhk.edu.ee;dyC78
Luise Fairman;LFairman;luise.fairman@hkhk.edu.ee;aar49
Phillipp Essberger;PEssberger;phillipp.essberger@hkhk.edu.ee;erE38
Darlleen Dranfield;DDranfield;darlleen.dranfield@hkhk.edu.ee;DDa73
Creighton Ruppert;CRuppert;creighton.ruppert@hkhk.edu.ee;RtR72
Juan Gillicuddy;JGillicuddy;juan.gillicuddy@hkhk.edu.ee;yid86
Renaud Rauprich;RRauprich;renaud.rauprich@hkhk.edu.ee;uuR79
Barnie Syson;BSyson;barnie.syson@hkhk.edu.ee;ono24
Aggie Starrs;AStarrs;aggie.starrs@hkhk.edu.ee;rSS82
Mollee Hensmans;MHensmans;mollee.hensmans@hkhk.edu.ee;snn78
Kakalina Hawker;KHawker;kakalina.hawker@hkhk.edu.ee;aak97
Jessalyn Yuille;JYuille;jessalyn.yuille@hkhk.edu.ee;lYY47
Johannes Matushenko;JMatushenko;johannes.matushenko@hkhk.edu.ee;uon89
Emelita Fairholme;EFairholme;emelita.fairholme@hkhk.edu.ee;ioa44
Hulda Kineton;HKineton;hulda.kineton@hkhk.edu.ee;Koo10
Celka Grog;CGrog;celka.grog@hkhk.edu.ee;Goo88
Gil Brounsell;GBrounsell;gil.brounsell@hkhk.edu.ee;lol85
Bill Willeman;BWilleman;bill.willeman@hkhk.edu.ee;aWn96
Gustavus Labbett;GLabbett;gustavus.labbett@hkhk.edu.ee;aLt39
Arley MacTrustrie;AMacTrustrie;arley.mactrustrie@hkhk.edu.ee;cua95
Rogerio Di Frisco;RDi Frisco;rogerio.di frisco@hkhk.edu.ee;soi12
Dredi Kenryd;DKenryd;dredi.kenryd@hkhk.edu.ee;Ker65
Chrystal Haskey;CHaskey;chrystal.haskey@hkhk.edu.ee;ayH84
Colene Tryhorn;CTryhorn;colene.tryhorn@hkhk.edu.ee;hyo24
Leontine Scamadin;LScamadin;leontine.scamadin@hkhk.edu.ee;ddS46
Karin Kingscote;KKingscote;karin.kingscote@hkhk.edu.ee;gse60
Carena Ewan;CEwan;carena.ewan@hkhk.edu.ee;nEw64
Glynis Gash;GGash;glynis.gash@hkhk.edu.ee;sGa21
Margalit Bog;MBog;margalit.bog@hkhk.edu.ee;BBg63
Hunfredo Niblett;HNiblett;hunfredo.niblett@hkhk.edu.ee;ltt55
Maison Koeppe;MKoeppe;maison.koeppe@hkhk.edu.ee;oee48
Winfield McDonogh;WMcDonogh;winfield.mcdonogh@hkhk.edu.ee;ooD82
Averil Bellenger;ABellenger;averil.bellenger@hkhk.edu.ee;geB51
Lane Fishby;LFishby;lane.fishby@hkhk.edu.ee;hby71
Ursala De La Salle;UDe La Salle;ursala.de la salle@hkhk.edu.ee; Da97
Lela Utteridge;LUtteridge;lela.utteridge@hkhk.edu.ee;eUt56
Ingelbert Barkly;IBarkly;ingelbert.barkly@hkhk.edu.ee;ark61
Bo Canto;BCanto;bo.canto@hkhk.edu.ee;aon82
Axe Mattioli;AMattioli;axe.mattioli@hkhk.edu.ee;iMo45
Bud Ratnage;BRatnage;bud.ratnage@hkhk.edu.ee;eaR98
Gerhardt Tredgold;GTredgold;gerhardt.tredgold@hkhk.edu.ee;deT40
Thaxter MacVanamy;TMacVanamy;thaxter.macvanamy@hkhk.edu.ee;amm48
Joelynn Fishbourne;JFishbourne;joelynn.fishbourne@hkhk.edu.ee;Fns53
Meryl Bru;MBru;meryl.bru@hkhk.edu.ee;uBB50
Emery Woodruffe;EWoodruffe;emery.woodruffe@hkhk.edu.ee;Wdr28
Germana Guterson;GGuterson;germana.guterson@hkhk.edu.ee;tnu17
Silvester Keers;SKeers;silvester.keers@hkhk.edu.ee;KKe67
Dacy Harmar;DHarmar;dacy.harmar@hkhk.edu.ee;mar26
Rutledge Redgewell;RRedgewell;rutledge.redgewell@hkhk.edu.ee;eld55
Isabelle Hugle;IHugle;isabelle.hugle@hkhk.edu.ee;lle95
Ileane Lothean;ILothean;ileane.lothean@hkhk.edu.ee;nLn30
Ardith Arnaut;AArnaut;ardith.arnaut@hkhk.edu.ee;run65
Pietro Davidovici;PDavidovici;pietro.davidovici@hkhk.edu.ee;iii51
Kristen Shales;KShales;kristen.shales@hkhk.edu.ee;llh40
Court Klimmek;CKlimmek;court.klimmek@hkhk.edu.ee;Kki29
Chelsea Shedden;CShedden;chelsea.shedden@hkhk.edu.ee;dnn91
Jamie Tenney;JTenney;jamie.tenney@hkhk.edu.ee;eyy32
Jeni Gasparro;JGasparro;jeni.gasparro@hkhk.edu.ee;rar37
Willdon Mallabund;WMallabund;willdon.mallabund@hkhk.edu.ee;Man57
Ross Algy;RAlgy;ross.algy@hkhk.edu.ee;Aly55
Inigo Diperaus;IDiperaus;inigo.diperaus@hkhk.edu.ee;rai64
Mabelle Ellicott;MEllicott;mabelle.ellicott@hkhk.edu.ee;EoE21
Forrester Loade;FLoade;forrester.loade@hkhk.edu.ee;dLe13
Natalya Wood;NWood;natalya.wood@hkhk.edu.ee;ooW10
Ede McQuarter;EMcQuarter;ede.mcquarter@hkhk.edu.ee;Mua71
Kalie Bomb;KBomb;kalie.bomb@hkhk.edu.ee;Bmb97
Fairfax Wonfor;FWonfor;fairfax.wonfor@hkhk.edu.ee;nff10
